i,card,amt,cat,hora,y_q,p,alerta,real
0,0,300.99,misc_pos,22:28,-64,0.25,1,0
1,0,6.77,misc_pos,18:36,-128,0.0,0,0
2,0,30.84,misc_pos,19:53,-128,0.0,0,0
3,0,57.22,misc_pos,13:50,-128,0.0,0,0
4,0,3.07,misc_pos,15:35,-128,0.0,0,0
5,0,2.21,misc_pos,19:18,-128,0.0,0,0
6,0,6.1,misc_pos,21:39,-128,0.0,0,0
7,0,17.84,misc_pos,13:14,-128,0.0,0,0
8,0,3.03,misc_pos,18:52,-128,0.0,0,0
9,0,10.37,misc_pos,19:20,-128,0.0,0,0
10,0,26.04,misc_pos,21:37,-128,0.0,0,0
11,0,108.55,misc_pos,15:53,-128,0.0,0,0
12,0,4.85,misc_pos,16:27,-128,0.0,0,0
13,0,71.44,misc_pos,17:58,-128,0.0,0,0
14,0,29.98,misc_pos,21:54,-128,0.0,0,0
15,0,12.55,misc_pos,22:06,-128,0.0,0,0
16,0,7.68,misc_pos,22:11,-128,0.0,0,0
17,0,6.77,misc_pos,23:01,-128,0.0,0,0
18,0,1.06,misc_pos,23:38,-128,0.0,0,0
19,0,29.21,misc_pos,12:25,-128,0.0,0,0
20,0,174.47,misc_pos,14:38,-128,0.0,0,0
21,0,83.88,misc_pos,17:26,-128,0.0,0,0
22,0,57.33,misc_pos,18:25,-128,0.0,0,0
23,0,74.43,misc_pos,18:25,-128,0.0,0,0
24,0,2.11,misc_pos,20:53,-128,0.0,0,0
25,0,42.33,misc_pos,20:54,-128,0.0,0,0
26,0,100.12,misc_pos,21:02,-128,0.0,0,0
27,0,4.54,misc_pos,23:12,-128,0.0,0,0
28,0,46.14,misc_pos,19:28,-128,0.0,0,0
29,0,6.71,misc_pos,22:51,-128,0.0,0,0
30,0,10.45,gas_transport,01:01,-31,0.379,1,1
31,0,792.75,misc_net,01:51,69,0.77,1,1
32,0,742.89,misc_net,02:17,124,0.984,1,1
33,0,335.18,grocery_pos,02:43,124,0.984,1,1
34,0,876.01,shopping_pos,13:41,78,0.805,1,1
35,0,21.3,shopping_net,22:10,19,0.574,1,1
36,0,789.14,personal_care,22:15,107,0.918,1,1
37,0,981.93,shopping_pos,22:40,123,0.98,1,1
38,0,924.8,shopping_net,22:57,127,0.996,1,1
39,0,965.33,shopping_net,23:04,127,0.996,1,1
40,0,798.79,shopping_net,23:06,127,0.996,1,1
41,0,862.57,misc_net,23:21,127,0.996,1,1
42,0,1004.65,shopping_net,23:32,127,0.996,1,1
43,0,950.29,shopping_net,23:36,127,0.996,1,1
44,0,812.2,shopping_net,23:41,127,0.996,1,1
45,1,63.19,gas_transport,06:21,-128,0.0,0,0
46,1,103.63,gas_transport,09:24,-128,0.0,0,0
47,1,90.35,gas_transport,03:50,-128,0.0,0,0
48,1,52.61,gas_transport,04:00,-128,0.0,0,0
49,1,46.41,gas_transport,07:36,-128,0.0,0,0
50,1,53.72,gas_transport,08:34,-128,0.0,0,0
51,1,54.61,gas_transport,09:30,-128,0.0,0,0
52,1,82.22,gas_transport,11:12,-128,0.0,0,0
53,1,104.19,gas_transport,10:27,-128,0.0,0,0
54,1,88.99,gas_transport,11:54,-128,0.0,0,0
55,1,101.1,gas_transport,00:53,-128,0.0,0,0
56,1,41.48,gas_transport,05:42,-128,0.0,0,0
57,1,64.28,gas_transport,06:27,-128,0.0,0,0
58,1,56.21,gas_transport,00:16,-128,0.0,0,0
59,1,52.21,gas_transport,02:14,-128,0.0,0,0
60,1,8.17,gas_transport,03:14,-124,0.016,0,0
61,1,54.55,gas_transport,03:27,-128,0.0,0,0
62,1,9.29,gas_transport,03:41,-125,0.012,0,0
63,1,98.96,gas_transport,06:00,-128,0.0,0,0
64,1,53.84,gas_transport,07:27,-128,0.0,0,0
65,1,4.67,gas_transport,00:25,-128,0.0,0,0
66,1,117.18,gas_transport,05:41,-128,0.0,0,0
67,1,87.65,gas_transport,11:39,-128,0.0,0,0
68,1,58.08,gas_transport,01:12,-128,0.0,0,0
69,1,6.79,gas_transport,02:10,-124,0.016,0,0
70,1,52.76,gas_transport,06:12,-128,0.0,0,0
71,1,83.09,gas_transport,03:26,-128,0.0,0,0
72,1,103.89,gas_transport,01:55,-128,0.0,0,0
73,1,825.92,shopping_net,00:04,25,0.598,1,1
74,1,1057.49,grocery_pos,00:17,120,0.969,1,1
75,1,349.82,shopping_net,00:46,127,0.996,1,1
76,1,1125.04,grocery_pos,02:10,113,0.941,1,1
77,1,374.64,grocery_pos,02:16,126,0.992,1,1
78,1,354.02,shopping_net,02:22,127,0.996,1,1
79,1,645.7,misc_pos,03:06,127,0.996,1,1
80,1,1077.84,shopping_pos,03:42,127,0.996,1,1
81,1,18.14,entertainment,20:36,-113,0.059,0,1
82,1,21.38,health_fitness,22:28,49,0.691,1,1
83,1,494.74,entertainment,23:10,-64,0.25,1,1
84,1,493.98,kids_pets,23:12,126,0.992,1,1
85,1,20.56,kids_pets,23:23,121,0.973,1,1
86,1,20.08,home,23:32,125,0.988,1,1
87,1,235.0,personal_care,23:32,124,0.984,1,1
88,2,5.7,shopping_net,16:27,-128,0.0,0,0
89,2,197.8,shopping_net,23:50,-128,0.0,0,0
90,2,71.54,shopping_net,16:28,-128,0.0,0,0
91,2,241.93,shopping_net,22:55,-128,0.0,0,0
92,2,33.06,shopping_net,23:53,-128,0.0,0,0
93,2,51.65,shopping_net,16:48,-128,0.0,0,0
94,2,32.43,shopping_net,16:33,-128,0.0,0,0
95,2,12.48,shopping_net,13:52,-128,0.0,0,0
96,2,75.93,shopping_pos,15:04,-128,0.0,0,0
97,2,56.94,shopping_pos,17:28,-128,0.0,0,0
98,2,13.71,shopping_pos,14:59,-128,0.0,0,0
99,2,11.29,shopping_pos,23:43,-128,0.0,0,0
100,2,135.95,shopping_pos,13:12,-128,0.0,0,0
101,2,33.75,shopping_pos,17:13,-128,0.0,0,0
102,2,131.31,shopping_pos,20:45,-128,0.0,0,0
103,2,87.96,shopping_pos,16:32,-128,0.0,0,0
104,2,4.57,shopping_pos,20:43,-128,0.0,0,0
105,2,65.71,shopping_pos,22:28,-128,0.0,0,0
106,2,48.22,shopping_pos,20:00,-128,0.0,0,0
107,2,212.59,shopping_pos,12:37,-128,0.0,0,0
108,2,37.53,shopping_pos,16:07,-128,0.0,0,0
109,2,348.49,shopping_pos,17:38,-127,0.004,0,0
110,2,3.85,shopping_pos,21:25,-128,0.0,0,0
111,2,24.75,shopping_pos,16:38,-128,0.0,0,0
112,2,6.82,shopping_pos,16:54,-128,0.0,0,0
113,2,45.81,shopping_pos,18:59,-128,0.0,0,0
114,2,19.86,shopping_pos,16:18,-128,0.0,0,0
115,2,3.47,shopping_pos,22:35,-128,0.0,0,0
116,2,134.91,shopping_pos,23:24,-128,0.0,0,0
117,2,4.11,shopping_pos,17:49,-128,0.0,0,0
118,2,756.17,misc_net,00:33,85,0.832,1,1
119,2,1051.76,grocery_pos,00:52,115,0.949,1,1
120,2,126.05,shopping_net,01:19,113,0.941,1,1
121,2,543.11,grocery_pos,02:02,122,0.977,1,1
122,2,363.03,grocery_pos,02:06,126,0.992,1,1
123,2,364.49,grocery_pos,02:19,126,0.992,1,1
124,2,846.17,grocery_pos,02:59,125,0.988,1,1
125,2,6.48,misc_pos,03:04,127,0.996,1,1
126,2,357.63,misc_net,11:36,82,0.82,1,1
127,2,323.2,entertainment,00:33,100,0.891,1,1
128,2,383.38,food_dining,03:56,127,0.996,1,1
129,2,242.25,personal_care,20:38,43,0.668,1,1
130,2,20.48,home,22:39,43,0.668,1,1
131,2,202.09,home,23:01,100,0.891,1,1
132,2,17.91,health_fitness,23:25,105,0.91,1,1
